barcodes,xcoord,ycoord
AGATTGTTTTAACCAG,1,8
AGATTGTTAGCTTAAC,1,9
AGATTGTTGCATAATA,1,10
AGATTGTTGGAATATC,1,11
AGATTGTTAGTTAATG,1,12
AGATTGTTAGTGATAA,1,13
AGATTGTTCTGAATTG,1,14
AGATTGTTGTTGTAAC,1,15
AGATTGTTTACTCTTA,1,16
AGATTGTTCTATGTAG,1,17
AGATTGTTGGTTAGTA,1,18
AGATTGTTTGGTAATC,1,19
AGATTGTTTAGCACTA,1,20
AGATTGTTGATTACTA,1,21
AGATTGTTCTTGAATC,1,22
AGATTGTTGTTATCTG,1,23
AGATTGTTATAGAATC,1,24
AGATTGTTTAGAAGTC,1,25
AGATTGTTTTATCTAC,1,26
AGATTGTTATGCCTAA,1,27
AGATTGTTATAGAGTA,1,28
AGATTGTTTGATTAAC,1,29
AGATTGTTATATTAGG,1,30
AGATTGTTGATCTATA,1,31
AGATTGTTATAGGTTA,1,32
AGATTGTTATAATCAG,1,33
AGATTGTTATTGTAGC,1,34
AGATTGTTGATGATAA,1,35
AGATTGTTTAAGTTGC,1,36
AGATTGTTTAAGTAAC,1,37
AGATTGTTTGAATGTC,1,38
AGATTGTTATACCTTA,1,39
AGATTGTTAGAATAAC,1,40
AGATTGTTTGTTGCTA,1,41
AGATTGTTTTCCATAG,1,42
AGATTGTTGTATTAAG,1,43
AGATTGTTTGTATTAC,1,44
AGATTGTTATTGCCTA,1,45
AGATTGTTTAATAAGC,1,46
TATCCAATGATGGTTA,2,7
TATCCAATTTAACCAG,2,8
TATCCAATAGCTTAAC,2,9
TATCCAATGCATAATA,2,10
TATCCAATGGAATATC,2,11
TATCCAATAGTTAATG,2,12
TATCCAATAGTGATAA,2,13
TATCCAATCTGAATTG,2,14
TATCCAATGTTGTAAC,2,15
TATCCAATTACTCTTA,2,16
TATCCAATCTATGTAG,2,17
TATCCAATGGTTAGTA,2,18
TATCCAATTGGTAATC,2,19
TATCCAATTAGCACTA,2,20
TATCCAATGATTACTA,2,21
TATCCAATCTTGAATC,2,22
TATCCAATGTTATCTG,2,23
TATCCAATATAGAATC,2,24
TATCCAATTAGAAGTC,2,25
TATCCAATTTATCTAC,2,26
TATCCAATATGCCTAA,2,27
TATCCAATATAGAGTA,2,28
TATCCAATTGATTAAC,2,29
TATCCAATATATTAGG,2,30
TATCCAATGATCTATA,2,31
TATCCAATATAGGTTA,2,32
TATCCAATATAATCAG,2,33
TATCCAATATTGTAGC,2,34
TATCCAATGATGATAA,2,35
TATCCAATTAAGTTGC,2,36
TATCCAATTAAGTAAC,2,37
TATCCAATTGAATGTC,2,38
TATCCAATATACCTTA,2,39
TATCCAATAGAATAAC,2,40
TATCCAATTGTTGCTA,2,41
TATCCAATTTCCATAG,2,42
TATCCAATGTATTAAG,2,43
TATCCAATTGTATTAC,2,44
TATCCAATATTGCCTA,2,45
TATCCAATTAATAAGC,2,46
AATCCTTGCTTATATG,3,6
AATCCTTGGATGGTTA,3,7
AATCCTTGTTAACCAG,3,8
AATCCTTGAGCTTAAC,3,9
AATCCTTGGCATAATA,3,10
AATCCTTGGGAATATC,3,11
AATCCTTGAGTTAATG,3,12
AATCCTTGAGTGATAA,3,13
AATCCTTGCTGAATTG,3,14
AATCCTTGGTTGTAAC,3,15
AATCCTTGTACTCTTA,3,16
AATCCTTGCTATGTAG,3,17
AATCCTTGGGTTAGTA,3,18
AATCCTTGTGGTAATC,3,19
AATCCTTGTAGCACTA,3,20
AATCCTTGGATTACTA,3,21
AATCCTTGCTTGAATC,3,22
AATCCTTGGTTATCTG,3,23
AATCCTTGATAGAATC,3,24
AATCCTTGTAGAAGTC,3,25
AATCCTTGTTATCTAC,3,26
AATCCTTGATGCCTAA,3,27
AATCCTTGATAGAGTA,3,28
AATCCTTGTGATTAAC,3,29
AATCCTTGATATTAGG,3,30
AATCCTTGGATCTATA,3,31
AATCCTTGATAGGTTA,3,32
AATCCTTGATAATCAG,3,33
AATCCTTGATTGTAGC,3,34
AATCCTTGGATGATAA,3,35
AATCCTTGTAAGTTGC,3,36
AATCCTTGTAAGTAAC,3,37
AATCCTTGTGAATGTC,3,38
AATCCTTGATACCTTA,3,39
AATCCTTGAGAATAAC,3,40
AATCCTTGTGTTGCTA,3,41
AATCCTTGTTCCATAG,3,42
AATCCTTGGTATTAAG,3,43
AATCCTTGTGTATTAC,3,44
AATCCTTGATTGCCTA,3,45
AATCCTTGTAATAAGC,3,46
AATCCTTGTTGATAGC,3,47
AACAAGAATATGATGG,4,5
AACAAGAACTTATATG,4,6
AACAAGAAGATGGTTA,4,7
AACAAGAATTAACCAG,4,8
AACAAGAAAGCTTAAC,4,9
AACAAGAAGCATAATA,4,10
AACAAGAAGGAATATC,4,11
AACAAGAAAGTTAATG,4,12
AACAAGAAAGTGATAA,4,13
AACAAGAACTGAATTG,4,14
AACAAGAAGTTGTAAC,4,15
AACAAGAATACTCTTA,4,16
AACAAGAACTATGTAG,4,17
AACAAGAAGGTTAGTA,4,18
AACAAGAATGGTAATC,4,19
AACAAGAATAGCACTA,4,20
AACAAGAAGATTACTA,4,21
AACAAGAACTTGAATC,4,22
AACAAGAAGTTATCTG,4,23
AACAAGAAATAGAATC,4,24
AACAAGAATAGAAGTC,4,25
AACAAGAATTATCTAC,4,26
AACAAGAAATGCCTAA,4,27
AACAAGAAATAGAGTA,4,28
AACAAGAATGATTAAC,4,29
AACAAGAAATATTAGG,4,30
AACAAGAAGATCTATA,4,31
AACAAGAAATAGGTTA,4,32
AACAAGAAATAATCAG,4,33
AACAAGAAATTGTAGC,4,34
AACAAGAAGATGATAA,4,35
AACAAGAATAAGTTGC,4,36
AACAAGAATAAGTAAC,4,37
AACAAGAATGAATGTC,4,38
AACAAGAAATACCTTA,4,39
AACAAGAAAGAATAAC,4,40
AACAAGAATGTTGCTA,4,41
AACAAGAATTCCATAG,4,42
AACAAGAAGTATTAAG,4,43
AACAAGAATGTATTAC,4,44
AACAAGAAATTGCCTA,4,45
AACAAGAATAATAAGC,4,46
AACAAGAATTGATAGC,4,47
AACAAGAATAAGGTTC,4,48
ACCATTATTACTTGCA,5,4
ACCATTATTATGATGG,5,5
ACCATTATCTTATATG,5,6
ACCATTATGATGGTTA,5,7
ACCATTATTTAACCAG,5,8
ACCATTATAGCTTAAC,5,9
ACCATTATGCATAATA,5,10
ACCATTATGGAATATC,5,11
ACCATTATAGTTAATG,5,12
ACCATTATAGTGATAA,5,13
ACCATTATCTGAATTG,5,14
ACCATTATGTTGTAAC,5,15
ACCATTATTACTCTTA,5,16
ACCATTATCTATGTAG,5,17
ACCATTATGGTTAGTA,5,18
ACCATTATTGGTAATC,5,19
ACCATTATTAGCACTA,5,20
ACCATTATGATTACTA,5,21
ACCATTATCTTGAATC,5,22
ACCATTATGTTATCTG,5,23
ACCATTATATAGAATC,5,24
ACCATTATTAGAAGTC,5,25
ACCATTATTTATCTAC,5,26
ACCATTATATGCCTAA,5,27
ACCATTATATAGAGTA,5,28
ACCATTATTGATTAAC,5,29
ACCATTATATATTAGG,5,30
ACCATTATGATCTATA,5,31
ACCATTATATAGGTTA,5,32
ACCATTATATAATCAG,5,33
ACCATTATATTGTAGC,5,34
ACCATTATGATGATAA,5,35
ACCATTATTAAGTTGC,5,36
ACCATTATTAAGTAAC,5,37
ACCATTATTGAATGTC,5,38
ACCATTATATACCTTA,5,39
ACCATTATAGAATAAC,5,40
ACCATTATTGTTGCTA,5,41
ACCATTATTTCCATAG,5,42
ACCATTATGTATTAAG,5,43
ACCATTATTGTATTAC,5,44
ACCATTATATTGCCTA,5,45
ACCATTATTAATAAGC,5,46
ACCATTATTTGATAGC,5,47
ACCATTATTAAGGTTC,5,48
ATCAGAGAAGATTAAG,6,3
ATCAGAGATACTTGCA,6,4
ATCAGAGATATGATGG,6,5
ATCAGAGACTTATATG,6,6
ATCAGAGAGATGGTTA,6,7
ATCAGAGATTAACCAG,6,8
ATCAGAGAAGCTTAAC,6,9
ATCAGAGAGCATAATA,6,10
ATCAGAGAGGAATATC,6,11
ATCAGAGAAGTTAATG,6,12
ATCAGAGAAGTGATAA,6,13
ATCAGAGACTGAATTG,6,14
ATCAGAGAGTTGTAAC,6,15
ATCAGAGATACTCTTA,6,16
ATCAGAGACTATGTAG,6,17
ATCAGAGAGGTTAGTA,6,18
ATCAGAGATGGTAATC,6,19
ATCAGAGATAGCACTA,6,20
ATCAGAGAGATTACTA,6,21
ATCAGAGACTTGAATC,6,22
ATCAGAGAGTTATCTG,6,23
ATCAGAGAATAGAATC,6,24
ATCAGAGATAGAAGTC,6,25
ATCAGAGATTATCTAC,6,26
ATCAGAGAATGCCTAA,6,27
ATCAGAGAATAGAGTA,6,28
ATCAGAGATGATTAAC,6,29
ATCAGAGAATATTAGG,6,30
ATCAGAGAGATCTATA,6,31
ATCAGAGAATAGGTTA,6,32
ATCAGAGAATAATCAG,6,33
ATCAGAGAATTGTAGC,6,34
ATCAGAGAGATGATAA,6,35
ATCAGAGATAAGTTGC,6,36
ATCAGAGATAAGTAAC,6,37
ATCAGAGATGAATGTC,6,38
ATCAGAGAATACCTTA,6,39
ATCAGAGAAGAATAAC,6,40
ATCAGAGATGTTGCTA,6,41
ATCAGAGATTCCATAG,6,42
ATCAGAGAGTATTAAG,6,43
ATCAGAGATGTATTAC,6,44
ATCAGAGAATTGCCTA,6,45
ATCAGAGATAATAAGC,6,46
ATCAGAGATTGATAGC,6,47
ATCAGAGATAAGGTTC,6,48
ATCAGAGACAATGTTG,6,49
ATATGATCAGATTAAG,7,3
ATATGATCTACTTGCA,7,4
ATATGATCTATGATGG,7,5
ATATGATCCTTATATG,7,6
ATATGATCGATGGTTA,7,7
ATATGATCTTAACCAG,7,8
ATATGATCAGCTTAAC,7,9
ATATGATCGCATAATA,7,10
ATATGATCGGAATATC,7,11
ATATGATCAGTTAATG,7,12
ATATGATCAGTGATAA,7,13
ATATGATCCTGAATTG,7,14
ATATGATCGTTGTAAC,7,15
ATATGATCTACTCTTA,7,16
ATATGATCCTATGTAG,7,17
ATATGATCGGTTAGTA,7,18
ATATGATCTGGTAATC,7,19
ATATGATCTAGCACTA,7,20
ATATGATCGATTACTA,7,21
ATATGATCCTTGAATC,7,22
ATATGATCGTTATCTG,7,23
ATATGATCATAGAATC,7,24
ATATGATCTAGAAGTC,7,25
ATATGATCTTATCTAC,7,26
ATATGATCATGCCTAA,7,27
ATATGATCATAGAGTA,7,28
ATATGATCTGATTAAC,7,29
ATATGATCATATTAGG,7,30
ATATGATCGATCTATA,7,31
ATATGATCATAGGTTA,7,32
ATATGATCATAATCAG,7,33
ATATGATCATTGTAGC,7,34
ATATGATCGATGATAA,7,35
ATATGATCTAAGTTGC,7,36
ATATGATCTAAGTAAC,7,37
ATATGATCTGAATGTC,7,38
ATATGATCATACCTTA,7,39
ATATGATCAGAATAAC,7,40
ATATGATCTGTTGCTA,7,41
ATATGATCTTCCATAG,7,42
ATATGATCGTATTAAG,7,43
ATATGATCTGTATTAC,7,44
ATATGATCATTGCCTA,7,45
ATATGATCTAATAAGC,7,46
ATATGATCTTGATAGC,7,47
ATATGATCTAAGGTTC,7,48
ATATGATCCAATGTTG,7,49
TGTTGGTTATACTAAG,8,2
TGTTGGTTAGATTAAG,8,3
TGTTGGTTTACTTGCA,8,4
TGTTGGTTTATGATGG,8,5
TGTTGGTTCTTATATG,8,6
TGTTGGTTGATGGTTA,8,7
TGTTGGTTTTAACCAG,8,8
TGTTGGTTAGCTTAAC,8,9
TGTTGGTTGCATAATA,8,10
TGTTGGTTGGAATATC,8,11
TGTTGGTTAGTTAATG,8,12
TGTTGGTTAGTGATAA,8,13
TGTTGGTTCTGAATTG,8,14
TGTTGGTTGTTGTAAC,8,15
TGTTGGTTTACTCTTA,8,16
TGTTGGTTCTATGTAG,8,17
TGTTGGTTGGTTAGTA,8,18
TGTTGGTTTGGTAATC,8,19
TGTTGGTTTAGCACTA,8,20
TGTTGGTTGATTACTA,8,21
TGTTGGTTCTTGAATC,8,22
TGTTGGTTGTTATCTG,8,23
TGTTGGTTATAGAATC,8,24
TGTTGGTTTAGAAGTC,8,25
TGTTGGTTTTATCTAC,8,26
TGTTGGTTATGCCTAA,8,27
TGTTGGTTATAGAGTA,8,28
TGTTGGTTTGATTAAC,8,29
TGTTGGTTATATTAGG,8,30
TGTTGGTTGATCTATA,8,31
TGTTGGTTATAGGTTA,8,32
TGTTGGTTATAATCAG,8,33
TGTTGGTTATTGTAGC,8,34
TGTTGGTTGATGATAA,8,35
TGTTGGTTTAAGTTGC,8,36
TGTTGGTTTAAGTAAC,8,37
TGTTGGTTTGAATGTC,8,38
TGTTGGTTATACCTTA,8,39
TGTTGGTTAGAATAAC,8,40
TGTTGGTTTGTTGCTA,8,41
TGTTGGTTTTCCATAG,8,42
TGTTGGTTGTATTAAG,8,43
TGTTGGTTTGTATTAC,8,44
TGTTGGTTATTGCCTA,8,45
TGTTGGTTTAATAAGC,8,46
TGTTGGTTTTGATAGC,8,47
TGTTGGTTTAAGGTTC,8,48
TGTTGGTTCAATGTTG,8,49
CGACATATATACTAAG,9,2
CGACATATAGATTAAG,9,3
CGACATATTACTTGCA,9,4
CGACATATTATGATGG,9,5
CGACATATCTTATATG,9,6
CGACATATGATGGTTA,9,7
CGACATATTTAACCAG,9,8
CGACATATAGCTTAAC,9,9
CGACATATGCATAATA,9,10
CGACATATGGAATATC,9,11
CGACATATAGTTAATG,9,12
CGACATATAGTGATAA,9,13
CGACATATCTGAATTG,9,14
CGACATATGTTGTAAC,9,15
CGACATATTACTCTTA,9,16
CGACATATCTATGTAG,9,17
CGACATATGGTTAGTA,9,18
CGACATATTGGTAATC,9,19
CGACATATTAGCACTA,9,20
CGACATATGATTACTA,9,21
CGACATATCTTGAATC,9,22
CGACATATGTTATCTG,9,23
CGACATATATAGAATC,9,24
CGACATATTAGAAGTC,9,25
CGACATATTTATCTAC,9,26
CGACATATATGCCTAA,9,27
CGACATATATAGAGTA,9,28
CGACATATTGATTAAC,9,29
CGACATATATATTAGG,9,30
CGACATATGATCTATA,9,31
CGACATATATAGGTTA,9,32
CGACATATATAATCAG,9,33
CGACATATATTGTAGC,9,34
CGACATATGATGATAA,9,35
CGACATATTAAGTTGC,9,36
CGACATATTAAGTAAC,9,37
CGACATATTGAATGTC,9,38
CGACATATATACCTTA,9,39
CGACATATAGAATAAC,9,40
CGACATATTGTTGCTA,9,41
CGACATATTTCCATAG,9,42
CGACATATGTATTAAG,9,43
CGACATATTGTATTAC,9,44
CGACATATATTGCCTA,9,45
CGACATATTAATAAGC,9,46
CGACATATTTGATAGC,9,47
CGACATATTAAGGTTC,9,48
CGACATATCAATGTTG,9,49
CGACATATTTCTGAAC,9,50
AGAGAGAATGTAATTG,10,1
AGAGAGAAATACTAAG,10,2
AGAGAGAAAGATTAAG,10,3
AGAGAGAATACTTGCA,10,4
AGAGAGAATATGATGG,10,5
AGAGAGAACTTATATG,10,6
AGAGAGAAGATGGTTA,10,7
AGAGAGAATTAACCAG,10,8
AGAGAGAAAGCTTAAC,10,9
AGAGAGAAGCATAATA,10,10
AGAGAGAAGGAATATC,10,11
AGAGAGAAAGTTAATG,10,12
AGAGAGAAAGTGATAA,10,13
AGAGAGAACTGAATTG,10,14
AGAGAGAAGTTGTAAC,10,15
AGAGAGAATACTCTTA,10,16
AGAGAGAACTATGTAG,10,17
AGAGAGAAGGTTAGTA,10,18
AGAGAGAATGGTAATC,10,19
AGAGAGAATAGCACTA,10,20
AGAGAGAAGATTACTA,10,21
AGAGAGAACTTGAATC,10,22
AGAGAGAAGTTATCTG,10,23
AGAGAGAAATAGAATC,10,24
AGAGAGAATAGAAGTC,10,25
AGAGAGAATTATCTAC,10,26
AGAGAGAAATGCCTAA,10,27
AGAGAGAAATAGAGTA,10,28
AGAGAGAATGATTAAC,10,29
AGAGAGAAATATTAGG,10,30
AGAGAGAAGATCTATA,10,31
AGAGAGAAATAGGTTA,10,32
AGAGAGAAATAATCAG,10,33
AGAGAGAAATTGTAGC,10,34
AGAGAGAAGATGATAA,10,35
AGAGAGAATAAGTTGC,10,36
AGAGAGAATAAGTAAC,10,37
AGAGAGAATGAATGTC,10,38
AGAGAGAAATACCTTA,10,39
AGAGAGAAAGAATAAC,10,40
AGAGAGAATGTTGCTA,10,41
AGAGAGAATTCCATAG,10,42
AGAGAGAAGTATTAAG,10,43
AGAGAGAATGTATTAC,10,44
AGAGAGAAATTGCCTA,10,45
AGAGAGAATAATAAGC,10,46
AGAGAGAATTGATAGC,10,47
AGAGAGAATAAGGTTC,10,48
AGAGAGAACAATGTTG,10,49
AGAGAGAATTCTGAAC,10,50
AAGATCTCTGTAATTG,11,1
AAGATCTCATACTAAG,11,2
AAGATCTCAGATTAAG,11,3
AAGATCTCTACTTGCA,11,4
AAGATCTCTATGATGG,11,5
AAGATCTCCTTATATG,11,6
AAGATCTCGATGGTTA,11,7
AAGATCTCTTAACCAG,11,8
AAGATCTCAGCTTAAC,11,9
AAGATCTCGCATAATA,11,10
AAGATCTCGGAATATC,11,11
AAGATCTCAGTTAATG,11,12
AAGATCTCAGTGATAA,11,13
AAGATCTCCTGAATTG,11,14
AAGATCTCGTTGTAAC,11,15
AAGATCTCTACTCTTA,11,16
AAGATCTCCTATGTAG,11,17
AAGATCTCGGTTAGTA,11,18
AAGATCTCTGGTAATC,11,19
AAGATCTCTAGCACTA,11,20
AAGATCTCGATTACTA,11,21
AAGATCTCCTTGAATC,11,22
AAGATCTCGTTATCTG,11,23
AAGATCTCATAGAATC,11,24
AAGATCTCTAGAAGTC,11,25
AAGATCTCTTATCTAC,11,26
AAGATCTCATGCCTAA,11,27
AAGATCTCATAGAGTA,11,28
AAGATCTCTGATTAAC,11,29
AAGATCTCATATTAGG,11,30
AAGATCTCGATCTATA,11,31
AAGATCTCATAGGTTA,11,32
AAGATCTCATAATCAG,11,33
AAGATCTCATTGTAGC,11,34
AAGATCTCGATGATAA,11,35
AAGATCTCTAAGTTGC,11,36
AAGATCTCTAAGTAAC,11,37
AAGATCTCTGAATGTC,11,38
AAGATCTCATACCTTA,11,39
AAGATCTCAGAATAAC,11,40
AAGATCTCTGTTGCTA,11,41
AAGATCTCTTCCATAG,11,42
AAGATCTCGTATTAAG,11,43
AAGATCTCTGTATTAC,11,44
AAGATCTCATTGCCTA,11,45
AAGATCTCTAATAAGC,11,46
AAGATCTCTTGATAGC,11,47
AAGATCTCTAAGGTTC,11,48
AAGATCTCCAATGTTG,11,49
AAGATCTCTTCTGAAC,11,50
ACTGACTATGTAATTG,12,1
ACTGACTAATACTAAG,12,2
ACTGACTAAGATTAAG,12,3
ACTGACTATACTTGCA,12,4
ACTGACTATATGATGG,12,5
ACTGACTACTTATATG,12,6
ACTGACTAGATGGTTA,12,7
ACTGACTATTAACCAG,12,8
ACTGACTAAGCTTAAC,12,9
ACTGACTAGCATAATA,12,10
ACTGACTAGGAATATC,12,11
ACTGACTAAGTTAATG,12,12
ACTGACTAAGTGATAA,12,13
ACTGACTACTGAATTG,12,14
ACTGACTAGTTGTAAC,12,15
ACTGACTATACTCTTA,12,16
ACTGACTACTATGTAG,12,17
ACTGACTAGGTTAGTA,12,18
ACTGACTATGGTAATC,12,19
ACTGACTATAGCACTA,12,20
ACTGACTAGATTACTA,12,21
ACTGACTACTTGAATC,12,22
ACTGACTAGTTATCTG,12,23
ACTGACTAATAGAATC,12,24
ACTGACTATAGAAGTC,12,25
ACTGACTATTATCTAC,12,26
ACTGACTAATGCCTAA,12,27
ACTGACTAATAGAGTA,12,28
ACTGACTATGATTAAC,12,29
ACTGACTAATATTAGG,12,30
ACTGACTAGATCTATA,12,31
ACTGACTAATAGGTTA,12,32
ACTGACTAATAATCAG,12,33
ACTGACTAATTGTAGC,12,34
ACTGACTAGATGATAA,12,35
ACTGACTATAAGTTGC,12,36
ACTGACTATAAGTAAC,12,37
ACTGACTATGAATGTC,12,38
ACTGACTAATACCTTA,12,39
ACTGACTAAGAATAAC,12,40
ACTGACTATGTTGCTA,12,41
ACTGACTATTCCATAG,12,42
ACTGACTAGTATTAAG,12,43
ACTGACTATGTATTAC,12,44
ACTGACTAATTGCCTA,12,45
ACTGACTATAATAAGC,12,46
ACTGACTATTGATAGC,12,47
ACTGACTATAAGGTTC,12,48
ACTGACTACAATGTTG,12,49
ACTGACTATTCTGAAC,12,50
TTGCGATATGTAATTG,13,1
TTGCGATAATACTAAG,13,2
TTGCGATAAGATTAAG,13,3
TTGCGATATACTTGCA,13,4
TTGCGATATATGATGG,13,5
TTGCGATACTTATATG,13,6
TTGCGATAGATGGTTA,13,7
TTGCGATATTAACCAG,13,8
TTGCGATAAGCTTAAC,13,9
TTGCGATAGCATAATA,13,10
TTGCGATAGGAATATC,13,11
TTGCGATAAGTTAATG,13,12
TTGCGATAAGTGATAA,13,13
TTGCGATACTGAATTG,13,14
TTGCGATAGTTGTAAC,13,15
TTGCGATATACTCTTA,13,16
TTGCGATACTATGTAG,13,17
TTGCGATAGGTTAGTA,13,18
TTGCGATATGGTAATC,13,19
TTGCGATATAGCACTA,13,20
TTGCGATAGATTACTA,13,21
TTGCGATACTTGAATC,13,22
TTGCGATAGTTATCTG,13,23
TTGCGATAATAGAATC,13,24
TTGCGATATAGAAGTC,13,25
TTGCGATATTATCTAC,13,26
TTGCGATAATGCCTAA,13,27
TTGCGATAATAGAGTA,13,28
TTGCGATATGATTAAC,13,29
TTGCGATAATATTAGG,13,30
TTGCGATAGATCTATA,13,31
TTGCGATAATAGGTTA,13,32
TTGCGATAATAATCAG,13,33
TTGCGATAATTGTAGC,13,34
TTGCGATAGATGATAA,13,35
TTGCGATATAAGTTGC,13,36
TTGCGATATAAGTAAC,13,37
TTGCGATATGAATGTC,13,38
TTGCGATAATACCTTA,13,39
TTGCGATAAGAATAAC,13,40
TTGCGATATGTTGCTA,13,41
TTGCGATATTCCATAG,13,42
TTGCGATAGTATTAAG,13,43
TTGCGATATGTATTAC,13,44
TTGCGATAATTGCCTA,13,45
TTGCGATATAATAAGC,13,46
TTGCGATATTGATAGC,13,47
TTGCGATATAAGGTTC,13,48
TTGCGATACAATGTTG,13,49
TTGCGATATTCTGAAC,13,50
ATCTTGACTGTAATTG,14,1
ATCTTGACATACTAAG,14,2
ATCTTGACAGATTAAG,14,3
ATCTTGACTACTTGCA,14,4
ATCTTGACTATGATGG,14,5
ATCTTGACCTTATATG,14,6
ATCTTGACGATGGTTA,14,7
ATCTTGACTTAACCAG,14,8
ATCTTGACAGCTTAAC,14,9
ATCTTGACGCATAATA,14,10
ATCTTGACGGAATATC,14,11
ATCTTGACAGTTAATG,14,12
ATCTTGACAGTGATAA,14,13
ATCTTGACCTGAATTG,14,14
ATCTTGACGTTGTAAC,14,15
ATCTTGACTACTCTTA,14,16
ATCTTGACCTATGTAG,14,17
ATCTTGACGGTTAGTA,14,18
ATCTTGACTGGTAATC,14,19
ATCTTGACTAGCACTA,14,20
ATCTTGACGATTACTA,14,21
ATCTTGACCTTGAATC,14,22
ATCTTGACGTTATCTG,14,23
ATCTTGACATAGAATC,14,24
ATCTTGACTAGAAGTC,14,25
ATCTTGACTTATCTAC,14,26
ATCTTGACATGCCTAA,14,27
ATCTTGACATAGAGTA,14,28
ATCTTGACTGATTAAC,14,29
ATCTTGACATATTAGG,14,30
ATCTTGACGATCTATA,14,31
ATCTTGACATAGGTTA,14,32
ATCTTGACATAATCAG,14,33
ATCTTGACATTGTAGC,14,34
ATCTTGACGATGATAA,14,35
ATCTTGACTAAGTTGC,14,36
ATCTTGACTAAGTAAC,14,37
ATCTTGACTGAATGTC,14,38
ATCTTGACATACCTTA,14,39
ATCTTGACAGAATAAC,14,40
ATCTTGACTGTTGCTA,14,41
ATCTTGACTTCCATAG,14,42
ATCTTGACGTATTAAG,14,43
ATCTTGACTGTATTAC,14,44
ATCTTGACATTGCCTA,14,45
ATCTTGACTAATAAGC,14,46
ATCTTGACTTGATAGC,14,47
ATCTTGACTAAGGTTC,14,48
ATCTTGACCAATGTTG,14,49
ATCTTGACTTCTGAAC,14,50
ACATCAAGTGTAATTG,15,1
ACATCAAGATACTAAG,15,2
ACATCAAGAGATTAAG,15,3
ACATCAAGTACTTGCA,15,4
ACATCAAGTATGATGG,15,5
ACATCAAGCTTATATG,15,6
ACATCAAGGATGGTTA,15,7
ACATCAAGTTAACCAG,15,8
ACATCAAGAGCTTAAC,15,9
ACATCAAGGCATAATA,15,10
ACATCAAGGGAATATC,15,11
ACATCAAGAGTTAATG,15,12
ACATCAAGAGTGATAA,15,13
ACATCAAGCTGAATTG,15,14
ACATCAAGGTTGTAAC,15,15
ACATCAAGTACTCTTA,15,16
ACATCAAGCTATGTAG,15,17
ACATCAAGGGTTAGTA,15,18
ACATCAAGTGGTAATC,15,19
ACATCAAGTAGCACTA,15,20
ACATCAAGGATTACTA,15,21
ACATCAAGCTTGAATC,15,22
ACATCAAGGTTATCTG,15,23
ACATCAAGATAGAATC,15,24
ACATCAAGTAGAAGTC,15,25
ACATCAAGTTATCTAC,15,26
ACATCAAGATGCCTAA,15,27
ACATCAAGATAGAGTA,15,28
ACATCAAGTGATTAAC,15,29
ACATCAAGATATTAGG,15,30
ACATCAAGGATCTATA,15,31
ACATCAAGATAGGTTA,15,32
ACATCAAGATAATCAG,15,33
ACATCAAGATTGTAGC,15,34
ACATCAAGGATGATAA,15,35
ACATCAAGTAAGTTGC,15,36
ACATCAAGTAAGTAAC,15,37
ACATCAAGTGAATGTC,15,38
ACATCAAGATACCTTA,15,39
ACATCAAGAGAATAAC,15,40
ACATCAAGTGTTGCTA,15,41
ACATCAAGTTCCATAG,15,42
ACATCAAGGTATTAAG,15,43
ACATCAAGTGTATTAC,15,44
ACATCAAGATTGCCTA,15,45
ACATCAAGTAATAAGC,15,46
ACATCAAGTTGATAGC,15,47
ACATCAAGTAAGGTTC,15,48
ACATCAAGCAATGTTG,15,49
ACATCAAGTTCTGAAC,15,50
TACACTACTGTAATTG,16,1
TACACTACATACTAAG,16,2
TACACTACAGATTAAG,16,3
TACACTACTACTTGCA,16,4
TACACTACTATGATGG,16,5
TACACTACCTTATATG,16,6
TACACTACGATGGTTA,16,7
TACACTACTTAACCAG,16,8
TACACTACAGCTTAAC,16,9
TACACTACGCATAATA,16,10
TACACTACGGAATATC,16,11
TACACTACAGTTAATG,16,12
TACACTACAGTGATAA,16,13
TACACTACCTGAATTG,16,14
TACACTACGTTGTAAC,16,15
TACACTACTACTCTTA,16,16
TACACTACCTATGTAG,16,17
TACACTACGGTTAGTA,16,18
TACACTACTGGTAATC,16,19
TACACTACTAGCACTA,16,20
TACACTACGATTACTA,16,21
TACACTACCTTGAATC,16,22
TACACTACGTTATCTG,16,23
TACACTACATAGAATC,16,24
TACACTACTAGAAGTC,16,25
TACACTACTTATCTAC,16,26
TACACTACATGCCTAA,16,27
TACACTACATAGAGTA,16,28
TACACTACTGATTAAC,16,29
TACACTACATATTAGG,16,30
TACACTACGATCTATA,16,31
TACACTACATAGGTTA,16,32
TACACTACATAATCAG,16,33
TACACTACATTGTAGC,16,34
TACACTACGATGATAA,16,35
TACACTACTAAGTTGC,16,36
TACACTACTAAGTAAC,16,37
TACACTACTGAATGTC,16,38
TACACTACATACCTTA,16,39
TACACTACAGAATAAC,16,40
TACACTACTGTTGCTA,16,41
TACACTACTTCCATAG,16,42
TACACTACGTATTAAG,16,43
TACACTACTGTATTAC,16,44
TACACTACATTGCCTA,16,45
TACACTACTAATAAGC,16,46
TACACTACTTGATAGC,16,47
TACACTACTAAGGTTC,16,48
AACTTAGTTGTAATTG,17,1
AACTTAGTATACTAAG,17,2
AACTTAGTAGATTAAG,17,3
AACTTAGTTACTTGCA,17,4
AACTTAGTTATGATGG,17,5
AACTTAGTCTTATATG,17,6
AACTTAGTGATGGTTA,17,7
AACTTAGTTTAACCAG,17,8
AACTTAGTAGCTTAAC,17,9
AACTTAGTGCATAATA,17,10
AACTTAGTGGAATATC,17,11
AACTTAGTAGTTAATG,17,12
AACTTAGTAGTGATAA,17,13
AACTTAGTCTGAATTG,17,14
AACTTAGTGTTGTAAC,17,15
AACTTAGTTACTCTTA,17,16
AACTTAGTCTATGTAG,17,17
AACTTAGTGGTTAGTA,17,18
AACTTAGTTGGTAATC,17,19
AACTTAGTTAGCACTA,17,20
AACTTAGTGATTACTA,17,21
AACTTAGTCTTGAATC,17,22
AACTTAGTGTTATCTG,17,23
AACTTAGTATAGAATC,17,24
AACTTAGTTAGAAGTC,17,25
AACTTAGTTTATCTAC,17,26
AACTTAGTATGCCTAA,17,27
AACTTAGTATAGAGTA,17,28
AACTTAGTTGATTAAC,17,29
AACTTAGTATATTAGG,17,30
AACTTAGTGATCTATA,17,31
AACTTAGTATAGGTTA,17,32
AACTTAGTATAATCAG,17,33
AACTTAGTATTGTAGC,17,34
AACTTAGTGATGATAA,17,35
AACTTAGTTAAGTTGC,17,36
AACTTAGTTAAGTAAC,17,37
AACTTAGTTGAATGTC,17,38
AACTTAGTATACCTTA,17,39
AACTTAGTAGAATAAC,17,40
AACTTAGTTGTTGCTA,17,41
AACTTAGTTTCCATAG,17,42
AACTTAGTGTATTAAG,17,43
AACTTAGTTGTATTAC,17,44
AACTTAGTATTGCCTA,17,45
AACTTAGTTAATAAGC,17,46
AACTTAGTTTGATAGC,17,47
AACTTAGTTAAGGTTC,17,48
TCTAGATAATACTAAG,18,2
TCTAGATAAGATTAAG,18,3
TCTAGATATACTTGCA,18,4
TCTAGATATATGATGG,18,5
TCTAGATACTTATATG,18,6
TCTAGATAGATGGTTA,18,7
TCTAGATATTAACCAG,18,8
TCTAGATAAGCTTAAC,18,9
TCTAGATAGCATAATA,18,10
TCTAGATAGGAATATC,18,11
TCTAGATAAGTTAATG,18,12
TCTAGATAAGTGATAA,18,13
TCTAGATACTGAATTG,18,14
TCTAGATAGTTGTAAC,18,15
TCTAGATATACTCTTA,18,16
TCTAGATACTATGTAG,18,17
TCTAGATAGGTTAGTA,18,18
TCTAGATATGGTAATC,18,19
TCTAGATATAGCACTA,18,20
TCTAGATAGATTACTA,18,21
TCTAGATACTTGAATC,18,22
TCTAGATAGTTATCTG,18,23
TCTAGATAATAGAATC,18,24
TCTAGATATAGAAGTC,18,25
TCTAGATATTATCTAC,18,26
TCTAGATAATGCCTAA,18,27
TCTAGATAATAGAGTA,18,28
TCTAGATATGATTAAC,18,29
TCTAGATAATATTAGG,18,30
TCTAGATAGATCTATA,18,31
TCTAGATAATAGGTTA,18,32
TCTAGATAATAATCAG,18,33
TCTAGATAATTGTAGC,18,34
TCTAGATAGATGATAA,18,35
TCTAGATATAAGTTGC,18,36
TCTAGATATAAGTAAC,18,37
TCTAGATATGAATGTC,18,38
TCTAGATAATACCTTA,18,39
TCTAGATAAGAATAAC,18,40
TCTAGATATGTTGCTA,18,41
TCTAGATATTCCATAG,18,42
TCTAGATAGTATTAAG,18,43
TCTAGATATGTATTAC,18,44
TCTAGATAATTGCCTA,18,45
TCTAGATATAATAAGC,18,46
TCTAGATATTGATAGC,18,47
TAACTAGTATACTAAG,19,2
TAACTAGTAGATTAAG,19,3
TAACTAGTTACTTGCA,19,4
TAACTAGTTATGATGG,19,5
TAACTAGTCTTATATG,19,6
TAACTAGTGATGGTTA,19,7
TAACTAGTTTAACCAG,19,8
TAACTAGTAGCTTAAC,19,9
TAACTAGTGCATAATA,19,10
TAACTAGTGGAATATC,19,11
TAACTAGTAGTTAATG,19,12
TAACTAGTAGTGATAA,19,13
TAACTAGTCTGAATTG,19,14
TAACTAGTGTTGTAAC,19,15
TAACTAGTTACTCTTA,19,16
TAACTAGTCTATGTAG,19,17
TAACTAGTGGTTAGTA,19,18
TAACTAGTTGGTAATC,19,19
TAACTAGTTAGCACTA,19,20
TAACTAGTGATTACTA,19,21
TAACTAGTCTTGAATC,19,22
TAACTAGTGTTATCTG,19,23
TAACTAGTATAGAATC,19,24
TAACTAGTTAGAAGTC,19,25
TAACTAGTTTATCTAC,19,26
TAACTAGTATGCCTAA,19,27
TAACTAGTATAGAGTA,19,28
TAACTAGTTGATTAAC,19,29
TAACTAGTATATTAGG,19,30
TAACTAGTGATCTATA,19,31
TAACTAGTATAGGTTA,19,32
TAACTAGTATAATCAG,19,33
TAACTAGTATTGTAGC,19,34
TAACTAGTGATGATAA,19,35
TAACTAGTTAAGTTGC,19,36
TAACTAGTTAAGTAAC,19,37
TAACTAGTTGAATGTC,19,38
TAACTAGTATACCTTA,19,39
TAACTAGTAGAATAAC,19,40
TAACTAGTTGTTGCTA,19,41
TAACTAGTTTCCATAG,19,42
TAACTAGTGTATTAAG,19,43
TAACTAGTTGTATTAC,19,44
TAACTAGTATTGCCTA,19,45
TAACTAGTTAATAAGC,19,46
ATAGATACATACTAAG,20,2
ATAGATACAGATTAAG,20,3
ATAGATACTACTTGCA,20,4
ATAGATACTATGATGG,20,5
ATAGATACCTTATATG,20,6
ATAGATACGATGGTTA,20,7
ATAGATACTTAACCAG,20,8
ATAGATACAGCTTAAC,20,9
ATAGATACGCATAATA,20,10
ATAGATACGGAATATC,20,11
ATAGATACAGTTAATG,20,12
ATAGATACAGTGATAA,20,13
ATAGATACCTGAATTG,20,14
ATAGATACGTTGTAAC,20,15
ATAGATACTACTCTTA,20,16
ATAGATACCTATGTAG,20,17
ATAGATACGGTTAGTA,20,18
ATAGATACTGGTAATC,20,19
ATAGATACTAGCACTA,20,20
ATAGATACGATTACTA,20,21
ATAGATACCTTGAATC,20,22
ATAGATACGTTATCTG,20,23
ATAGATACATAGAATC,20,24
ATAGATACTAGAAGTC,20,25
ATAGATACTTATCTAC,20,26
ATAGATACATGCCTAA,20,27
ATAGATACATAGAGTA,20,28
ATAGATACTGATTAAC,20,29
ATAGATACATATTAGG,20,30
ATAGATACGATCTATA,20,31
ATAGATACATAGGTTA,20,32
ATAGATACATAATCAG,20,33
ATAGATACATTGTAGC,20,34
ATAGATACGATGATAA,20,35
ATAGATACTAAGTTGC,20,36
ATAGATACTAAGTAAC,20,37
ATAGATACTGAATGTC,20,38
ATAGATACATACCTTA,20,39
ATAGATACAGAATAAC,20,40
ATAGATACTGTTGCTA,20,41
ATAGATACTTCCATAG,20,42
ATAGATACGTATTAAG,20,43
ATAGATACTGTATTAC,20,44
ATAGATACATTGCCTA,20,45
GTAGTCTTAGATTAAG,21,3
GTAGTCTTTACTTGCA,21,4
GTAGTCTTTATGATGG,21,5
GTAGTCTTCTTATATG,21,6
GTAGTCTTGATGGTTA,21,7
GTAGTCTTTTAACCAG,21,8
GTAGTCTTAGCTTAAC,21,9
GTAGTCTTGCATAATA,21,10
GTAGTCTTGGAATATC,21,11
GTAGTCTTAGTTAATG,21,12
GTAGTCTTAGTGATAA,21,13
GTAGTCTTCTGAATTG,21,14
GTAGTCTTGTTGTAAC,21,15
GTAGTCTTTACTCTTA,21,16
GTAGTCTTCTATGTAG,21,17
GTAGTCTTGGTTAGTA,21,18
GTAGTCTTTGGTAATC,21,19
GTAGTCTTTAGCACTA,21,20
GTAGTCTTGATTACTA,21,21
GTAGTCTTCTTGAATC,21,22
GTAGTCTTGTTATCTG,21,23
GTAGTCTTATAGAATC,21,24
GTAGTCTTTTATCTAC,21,26
GTAGTCTTATGCCTAA,21,27
GTAGTCTTATAGAGTA,21,28
GTAGTCTTTGATTAAC,21,29
GTAGTCTTATATTAGG,21,30
GTAGTCTTGATCTATA,21,31
GTAGTCTTATAGGTTA,21,32
GTAGTCTTATAATCAG,21,33
GTAGTCTTATTGTAGC,21,34
GTAGTCTTGATGATAA,21,35
GTAGTCTTTAAGTTGC,21,36
GTAGTCTTTAAGTAAC,21,37
GTAGTCTTTGAATGTC,21,38
GTAGTCTTATACCTTA,21,39
GTAGTCTTAGAATAAC,21,40
GTAGTCTTTGTTGCTA,21,41
GTAGTCTTTTCCATAG,21,42
GTAGTCTTGTATTAAG,21,43
GTAGTCTTTGTATTAC,21,44
GTAGTCTTATTGCCTA,21,45
GTAGTCTTTAATAAGC,21,46
GTTACAGAATACTAAG,22,2
GTTACAGAAGATTAAG,22,3
GTTACAGATACTTGCA,22,4
GTTACAGATATGATGG,22,5
GTTACAGACTTATATG,22,6
GTTACAGAGATGGTTA,22,7
GTTACAGATTAACCAG,22,8
GTTACAGAAGCTTAAC,22,9
GTTACAGAGCATAATA,22,10
GTTACAGAGGAATATC,22,11
GTTACAGAAGTTAATG,22,12
GTTACAGAAGTGATAA,22,13
GTTACAGACTGAATTG,22,14
GTTACAGAGTTGTAAC,22,15
GTTACAGATACTCTTA,22,16
GTTACAGACTATGTAG,22,17
GTTACAGAGGTTAGTA,22,18
GTTACAGATGGTAATC,22,19
GTTACAGATAGCACTA,22,20
GTTACAGAGATTACTA,22,21
GTTACAGACTTGAATC,22,22
GTTACAGAGTTATCTG,22,23
GTTACAGATAGAAGTC,22,25
GTTACAGATTATCTAC,22,26
GTTACAGAATGCCTAA,22,27
GTTACAGAATAGAGTA,22,28
GTTACAGATGATTAAC,22,29
GTTACAGAATATTAGG,22,30
GTTACAGAGATCTATA,22,31
GTTACAGAATAGGTTA,22,32
GTTACAGAATAATCAG,22,33
GTTACAGAATTGTAGC,22,34
GTTACAGAGATGATAA,22,35
GTTACAGATAAGTTGC,22,36
GTTACAGATAAGTAAC,22,37
GTTACAGATGAATGTC,22,38
GTTACAGAATACCTTA,22,39
GTTACAGAAGAATAAC,22,40
GTTACAGATGTTGCTA,22,41
GTTACAGATTCCATAG,22,42
GTTACAGAGTATTAAG,22,43
GTTACAGATGTATTAC,22,44
GTTACAGAATTGCCTA,22,45
GTTACAGATAATAAGC,22,46
GTTACAGATTGATAGC,22,47
GTTACAGATAAGGTTC,22,48
GTTACAGACAATGTTG,22,49
TTATCTCGATACTAAG,23,2
TTATCTCGAGATTAAG,23,3
TTATCTCGTACTTGCA,23,4
TTATCTCGTATGATGG,23,5
TTATCTCGCTTATATG,23,6
TTATCTCGGATGGTTA,23,7
TTATCTCGTTAACCAG,23,8
TTATCTCGAGCTTAAC,23,9
TTATCTCGGCATAATA,23,10
TTATCTCGGGAATATC,23,11
TTATCTCGAGTTAATG,23,12
TTATCTCGAGTGATAA,23,13
TTATCTCGCTGAATTG,23,14
TTATCTCGGTTGTAAC,23,15
TTATCTCGTACTCTTA,23,16
TTATCTCGCTATGTAG,23,17
TTATCTCGGGTTAGTA,23,18
TTATCTCGTGGTAATC,23,19
TTATCTCGTAGCACTA,23,20
TTATCTCGGATTACTA,23,21
TTATCTCGCTTGAATC,23,22
TTATCTCGTTATCTAC,23,26
TTATCTCGATGCCTAA,23,27
TTATCTCGATAGAGTA,23,28
TTATCTCGTGATTAAC,23,29
TTATCTCGATATTAGG,23,30
TTATCTCGGATCTATA,23,31
TTATCTCGATAGGTTA,23,32
TTATCTCGATAATCAG,23,33
TTATCTCGATTGTAGC,23,34
TTATCTCGGATGATAA,23,35
TTATCTCGTAAGTTGC,23,36
TTATCTCGTAAGTAAC,23,37
TTATCTCGTGAATGTC,23,38
TTATCTCGATACCTTA,23,39
TTATCTCGAGAATAAC,23,40
TTATCTCGTGTTGCTA,23,41
TTATCTCGTTCCATAG,23,42
TTATCTCGGTATTAAG,23,43
TTATCTCGTGTATTAC,23,44
AACTATGTAGATTAAG,24,3
AACTATGTTACTTGCA,24,4
AACTATGTTATGATGG,24,5
AACTATGTCTTATATG,24,6
AACTATGTGATGGTTA,24,7
AACTATGTTTAACCAG,24,8
AACTATGTAGCTTAAC,24,9
AACTATGTGCATAATA,24,10
AACTATGTGGAATATC,24,11
AACTATGTGGTTAGTA,24,18
AACTATGTTGGTAATC,24,19
AACTATGTTAGCACTA,24,20
AACTATGTTAGAAGTC,24,25
AACTATGTTTATCTAC,24,26
AACTATGTATGCCTAA,24,27
AACTATGTATAGAGTA,24,28
AACTATGTTGATTAAC,24,29
AACTATGTATATTAGG,24,30
AACTATGTGATCTATA,24,31
AACTATGTATAGGTTA,24,32
AACTATGTATAATCAG,24,33
AACTATGTATTGTAGC,24,34
AACTATGTGATGATAA,24,35
AACTATGTTAAGTTGC,24,36
AACTATGTTAAGTAAC,24,37
AACTATGTTGAATGTC,24,38
AACTATGTAGAATAAC,24,40
AACTATGTTGTTGCTA,24,41
AACTATGTTTCCATAG,24,42
CTTAGATTTATGATGG,25,5
CTTAGATTCTTATATG,25,6
CTTAGATTGATGGTTA,25,7
CTTAGATTTTAACCAG,25,8
CTTAGATTAGCTTAAC,25,9
CTTAGATTGCATAATA,25,10
CTTAGATTGGAATATC,25,11
CTTAGATTTAGAAGTC,25,25
CTTAGATTTTATCTAC,25,26
CTTAGATTATGCCTAA,25,27
CTTAGATTATAGAGTA,25,28
CTTAGATTATATTAGG,25,30
CTTAGATTGATCTATA,25,31
CTTAGATTATAGGTTA,25,32
CTTAGATTATAATCAG,25,33
ATAATCCTCTTATATG,26,6
ATAATCCTGATGGTTA,26,7
ATAATCCTTTAACCAG,26,8
ATAATCCTAGCTTAAC,26,9
ATAATCCTGCATAATA,26,10
ATAATCCTGTTATCTG,26,23
ATAATCCTATAGAATC,26,24
ATAATCCTTAGAAGTC,26,25
AACCTACTCTTATATG,27,6
AACCTACTGATGGTTA,27,7
AACCTACTTTAACCAG,27,8
AACCTACTAGCTTAAC,27,9
AACCTACTGATTACTA,27,21
AACCTACTCTTGAATC,27,22
AACCTACTGTTATCTG,27,23
AACCTACTATAGAATC,27,24
AACCTACTTAGAAGTC,27,25
AACCTACTTTATCTAC,27,26
TTATGACGGGTTAGTA,28,18
TTATGACGTGGTAATC,28,19
TTATGACGTAGCACTA,28,20
TTATGACGGATTACTA,28,21
TTATGACGCTTGAATC,28,22
TTATGACGGTTATCTG,28,23
TTATGACGATAGAATC,28,24
TTATGACGTAGAAGTC,28,25
TTATGACGTTATCTAC,28,26
TTATGACGATGCCTAA,28,27
TTATGACGATAGAGTA,28,28
TTATGACGTGATTAAC,28,29
TAATGGATTACTCTTA,29,16
TAATGGATCTATGTAG,29,17
TAATGGATGGTTAGTA,29,18
TAATGGATTGGTAATC,29,19
TAATGGATTAGCACTA,29,20
TAATGGATGATTACTA,29,21
TAATGGATCTTGAATC,29,22
TAATGGATGTTATCTG,29,23
TAATGGATATAGAATC,29,24
TAATGGATTAGAAGTC,29,25
TAATGGATTTATCTAC,29,26
TAATGGATATGCCTAA,29,27
TAATGGATATAGAGTA,29,28
TAATGGATTGATTAAC,29,29
TAATGGATATTGTAGC,29,34
TAATGGATGATGATAA,29,35
TAATGGATTAAGTTGC,29,36
TAATGGATTAAGTAAC,29,37
TAATGGATTGAATGTC,29,38
TAATGGATATACCTTA,29,39
CTAAGGTTCTGAATTG,30,14
CTAAGGTTGTTGTAAC,30,15
CTAAGGTTTACTCTTA,30,16
CTAAGGTTCTATGTAG,30,17
CTAAGGTTGGTTAGTA,30,18
CTAAGGTTTGGTAATC,30,19
CTAAGGTTTAGCACTA,30,20
CTAAGGTTGATTACTA,30,21
CTAAGGTTCTTGAATC,30,22
CTAAGGTTGTTATCTG,30,23
CTAAGGTTATAGAATC,30,24
CTAAGGTTTAGAAGTC,30,25
CTAAGGTTTTATCTAC,30,26
CTAAGGTTATGCCTAA,30,27
CTAAGGTTATAGAGTA,30,28
CTAAGGTTTGATTAAC,30,29
CTAAGGTTATATTAGG,30,30
CTAAGGTTGATCTATA,30,31
CTAAGGTTATAGGTTA,30,32
CTAAGGTTATAATCAG,30,33
CTAAGGTTATTGTAGC,30,34
CTAAGGTTGATGATAA,30,35
CTAAGGTTTAAGTTGC,30,36
CTAAGGTTTAAGTAAC,30,37
CTAAGGTTTGAATGTC,30,38
CTAAGGTTATACCTTA,30,39
CTAAGGTTAGAATAAC,30,40
CTAAGGTTTGTTGCTA,30,41
TGATATTCCTTATATG,31,6
TGATATTCGATGGTTA,31,7
TGATATTCTTAACCAG,31,8
TGATATTCAGCTTAAC,31,9
TGATATTCGCATAATA,31,10
TGATATTCGGAATATC,31,11
TGATATTCAGTTAATG,31,12
TGATATTCAGTGATAA,31,13
TGATATTCCTGAATTG,31,14
TGATATTCGTTGTAAC,31,15
TGATATTCTACTCTTA,31,16
TGATATTCCTATGTAG,31,17
TGATATTCGGTTAGTA,31,18
TGATATTCTGGTAATC,31,19
TGATATTCTAGCACTA,31,20
TGATATTCGATTACTA,31,21
TGATATTCCTTGAATC,31,22
TGATATTCGTTATCTG,31,23
TGATATTCATAGAATC,31,24
TGATATTCTAGAAGTC,31,25
TGATATTCTTATCTAC,31,26
TGATATTCATGCCTAA,31,27
TGATATTCATAGAGTA,31,28
TGATATTCTGATTAAC,31,29
TGATATTCATATTAGG,31,30
TGATATTCGATCTATA,31,31
TGATATTCATAGGTTA,31,32
TGATATTCATAATCAG,31,33
TGATATTCATTGTAGC,31,34
TGATATTCGATGATAA,31,35
TGATATTCTAAGTTGC,31,36
TGATATTCTAAGTAAC,31,37
TGATATTCTGAATGTC,31,38
TGATATTCATACCTTA,31,39
TGATATTCAGAATAAC,31,40
TCGTATATTACTTGCA,32,4
TCGTATATTATGATGG,32,5
TCGTATATCTTATATG,32,6
TCGTATATGATGGTTA,32,7
TCGTATATTTAACCAG,32,8
TCGTATATAGCTTAAC,32,9
TCGTATATGCATAATA,32,10
TCGTATATGGAATATC,32,11
TCGTATATAGTTAATG,32,12
TCGTATATAGTGATAA,32,13
TCGTATATCTGAATTG,32,14
TCGTATATGTTGTAAC,32,15
TCGTATATTACTCTTA,32,16
TCGTATATCTATGTAG,32,17
TCGTATATGGTTAGTA,32,18
TCGTATATTGGTAATC,32,19
TCGTATATTAGCACTA,32,20
TCGTATATGATTACTA,32,21
TCGTATATCTTGAATC,32,22
TCGTATATGTTATCTG,32,23
TCGTATATATAGAATC,32,24
TCGTATATTAGAAGTC,32,25
TCGTATATTTATCTAC,32,26
TCGTATATATGCCTAA,32,27
TCGTATATATAGAGTA,32,28
TCGTATATTGATTAAC,32,29
TCGTATATATATTAGG,32,30
TCGTATATGATCTATA,32,31
TCGTATATATAGGTTA,32,32
TCGTATATATAATCAG,32,33
TCGTATATATTGTAGC,32,34
TCGTATATGATGATAA,32,35
TCGTATATTAAGTTGC,32,36
TCGTATATTAAGTAAC,32,37
TCGTATATTGAATGTC,32,38
TCGTATATATACCTTA,32,39
TCGTATATAGAATAAC,32,40
TCGTATATTGTTGCTA,32,41
AGAGATTCATACTAAG,33,2
AGAGATTCAGATTAAG,33,3
AGAGATTCTACTTGCA,33,4
AGAGATTCTATGATGG,33,5
AGAGATTCCTTATATG,33,6
AGAGATTCGATGGTTA,33,7
AGAGATTCTTAACCAG,33,8
AGAGATTCAGCTTAAC,33,9
AGAGATTCGCATAATA,33,10
AGAGATTCGGAATATC,33,11
AGAGATTCAGTTAATG,33,12
AGAGATTCAGTGATAA,33,13
AGAGATTCCTGAATTG,33,14
AGAGATTCGTTGTAAC,33,15
AGAGATTCTACTCTTA,33,16
AGAGATTCCTATGTAG,33,17
AGAGATTCGGTTAGTA,33,18
AGAGATTCTGGTAATC,33,19
AGAGATTCTAGCACTA,33,20
AGAGATTCGATTACTA,33,21
AGAGATTCCTTGAATC,33,22
AGAGATTCGTTATCTG,33,23
AGAGATTCATAGAATC,33,24
AGAGATTCTAGAAGTC,33,25
AGAGATTCTTATCTAC,33,26
AGAGATTCATGCCTAA,33,27
AGAGATTCATAGAGTA,33,28
AGAGATTCTGATTAAC,33,29
AGAGATTCATATTAGG,33,30
AGAGATTCGATCTATA,33,31
AGAGATTCATAGGTTA,33,32
AGAGATTCATAATCAG,33,33
AGAGATTCATTGTAGC,33,34
AGAGATTCGATGATAA,33,35
AGAGATTCTAAGTTGC,33,36
AGAGATTCTAAGTAAC,33,37
AGAGATTCTGAATGTC,33,38
AGAGATTCATACCTTA,33,39
AGAGATTCAGAATAAC,33,40
AGAGATTCTGTTGCTA,33,41
CTTCTTCATGTAATTG,34,1
CTTCTTCAATACTAAG,34,2
CTTCTTCAAGATTAAG,34,3
CTTCTTCATACTTGCA,34,4
CTTCTTCATATGATGG,34,5
CTTCTTCACTTATATG,34,6
CTTCTTCAGATGGTTA,34,7
CTTCTTCATTAACCAG,34,8
CTTCTTCAAGCTTAAC,34,9
CTTCTTCAGCATAATA,34,10
CTTCTTCAGGAATATC,34,11
CTTCTTCAAGTTAATG,34,12
CTTCTTCAAGTGATAA,34,13
CTTCTTCACTGAATTG,34,14
CTTCTTCAGTTGTAAC,34,15
CTTCTTCATACTCTTA,34,16
CTTCTTCACTATGTAG,34,17
CTTCTTCAGGTTAGTA,34,18
CTTCTTCATGGTAATC,34,19
CTTCTTCATAGCACTA,34,20
CTTCTTCAGATTACTA,34,21
CTTCTTCACTTGAATC,34,22
CTTCTTCAGTTATCTG,34,23
CTTCTTCAATAGAATC,34,24
CTTCTTCATAGAAGTC,34,25
CTTCTTCATTATCTAC,34,26
CTTCTTCAATGCCTAA,34,27
CTTCTTCAATAGAGTA,34,28
CTTCTTCATGATTAAC,34,29
CTTCTTCAATATTAGG,34,30
CTTCTTCAGATCTATA,34,31
CTTCTTCAATAGGTTA,34,32
CTTCTTCAATAATCAG,34,33
CTTCTTCAATTGTAGC,34,34
CTTCTTCAGATGATAA,34,35
CTTCTTCATAAGTTGC,34,36
CTTCTTCATAAGTAAC,34,37
CTTCTTCATGAATGTC,34,38
CTTCTTCAATACCTTA,34,39
CTTCTTCAAGAATAAC,34,40
CTTCTTCATGTTGCTA,34,41
CTTCTTCATTCCATAG,34,42
CACTACTTTGTAATTG,35,1
CACTACTTATACTAAG,35,2
CACTACTTAGATTAAG,35,3
CACTACTTTACTTGCA,35,4
CACTACTTTATGATGG,35,5
CACTACTTCTTATATG,35,6
CACTACTTGATGGTTA,35,7
CACTACTTTTAACCAG,35,8
CACTACTTAGCTTAAC,35,9
CACTACTTGCATAATA,35,10
CACTACTTGGAATATC,35,11
CACTACTTAGTTAATG,35,12
CACTACTTAGTGATAA,35,13
CACTACTTCTGAATTG,35,14
CACTACTTGTTGTAAC,35,15
CACTACTTTACTCTTA,35,16
CACTACTTCTATGTAG,35,17
CACTACTTGGTTAGTA,35,18
CACTACTTTGGTAATC,35,19
CACTACTTTAGCACTA,35,20
CACTACTTGATTACTA,35,21
CACTACTTCTTGAATC,35,22
CACTACTTGTTATCTG,35,23
CACTACTTATAGAATC,35,24
CACTACTTTAGAAGTC,35,25
CACTACTTTTATCTAC,35,26
CACTACTTATGCCTAA,35,27
CACTACTTATAGAGTA,35,28
CACTACTTTGATTAAC,35,29
CACTACTTATATTAGG,35,30
CACTACTTGATCTATA,35,31
CACTACTTATAGGTTA,35,32
CACTACTTATAATCAG,35,33
CACTACTTATTGTAGC,35,34
CACTACTTGATGATAA,35,35
CACTACTTTAAGTTGC,35,36
CACTACTTTAAGTAAC,35,37
CACTACTTTGAATGTC,35,38
CACTACTTATACCTTA,35,39
CACTACTTAGAATAAC,35,40
CACTACTTTGTTGCTA,35,41
CACTACTTTTCCATAG,35,42
CACTACTTGTATTAAG,35,43
ACTAGTATTGTAATTG,36,1
ACTAGTATATACTAAG,36,2
ACTAGTATAGATTAAG,36,3
ACTAGTATTACTTGCA,36,4
ACTAGTATTATGATGG,36,5
ACTAGTATCTTATATG,36,6
ACTAGTATGATGGTTA,36,7
ACTAGTATTTAACCAG,36,8
ACTAGTATAGCTTAAC,36,9
ACTAGTATGCATAATA,36,10
ACTAGTATGGAATATC,36,11
ACTAGTATAGTTAATG,36,12
ACTAGTATAGTGATAA,36,13
ACTAGTATCTGAATTG,36,14
ACTAGTATGTTGTAAC,36,15
ACTAGTATTACTCTTA,36,16
ACTAGTATCTATGTAG,36,17
ACTAGTATGGTTAGTA,36,18
ACTAGTATTGGTAATC,36,19
ACTAGTATTAGCACTA,36,20
ACTAGTATGATTACTA,36,21
ACTAGTATCTTGAATC,36,22
ACTAGTATGTTATCTG,36,23
ACTAGTATATAGAATC,36,24
ACTAGTATTAGAAGTC,36,25
ACTAGTATTTATCTAC,36,26
ACTAGTATATGCCTAA,36,27
ACTAGTATATAGAGTA,36,28
ACTAGTATTGATTAAC,36,29
ACTAGTATATATTAGG,36,30
ACTAGTATGATCTATA,36,31
ACTAGTATATAGGTTA,36,32
ACTAGTATATAATCAG,36,33
ACTAGTATATTGTAGC,36,34
ACTAGTATGATGATAA,36,35
ACTAGTATTAAGTTGC,36,36
ACTAGTATTAAGTAAC,36,37
ACTAGTATTGAATGTC,36,38
ACTAGTATATACCTTA,36,39
ACTAGTATAGAATAAC,36,40
ACTAGTATTGTTGCTA,36,41
ACTAGTATTTCCATAG,36,42
ACTAGTATGTATTAAG,36,43
AATATTCCTGTAATTG,37,1
AATATTCCATACTAAG,37,2
AATATTCCAGATTAAG,37,3
AATATTCCTACTTGCA,37,4
AATATTCCTATGATGG,37,5
AATATTCCCTTATATG,37,6
AATATTCCGATGGTTA,37,7
AATATTCCTTAACCAG,37,8
AATATTCCAGCTTAAC,37,9
AATATTCCGCATAATA,37,10
AATATTCCGGAATATC,37,11
AATATTCCAGTTAATG,37,12
AATATTCCAGTGATAA,37,13
AATATTCCCTGAATTG,37,14
AATATTCCGTTGTAAC,37,15
AATATTCCTACTCTTA,37,16
AATATTCCCTATGTAG,37,17
AATATTCCGGTTAGTA,37,18
AATATTCCTGGTAATC,37,19
AATATTCCTAGCACTA,37,20
AATATTCCGATTACTA,37,21
AATATTCCCTTGAATC,37,22
AATATTCCGTTATCTG,37,23
AATATTCCATAGAATC,37,24
AATATTCCTAGAAGTC,37,25
AATATTCCTTATCTAC,37,26
AATATTCCATGCCTAA,37,27
AATATTCCATAGAGTA,37,28
AATATTCCTGATTAAC,37,29
AATATTCCATATTAGG,37,30
AATATTCCGATCTATA,37,31
AATATTCCATAGGTTA,37,32
AATATTCCATAATCAG,37,33
AATATTCCATTGTAGC,37,34
AATATTCCGATGATAA,37,35
AATATTCCTAAGTTGC,37,36
AATATTCCTAAGTAAC,37,37
AATATTCCTGAATGTC,37,38
AATATTCCATACCTTA,37,39
AATATTCCAGAATAAC,37,40
AATATTCCTGTTGCTA,37,41
AATATTCCTTCCATAG,37,42
AATATTCCGTATTAAG,37,43
AATATTCCTGTATTAC,37,44
TATGTCCTTGTAATTG,38,1
TATGTCCTATACTAAG,38,2
TATGTCCTAGATTAAG,38,3
TATGTCCTTACTTGCA,38,4
TATGTCCTTATGATGG,38,5
TATGTCCTCTTATATG,38,6
TATGTCCTGATGGTTA,38,7
TATGTCCTTTAACCAG,38,8
TATGTCCTAGCTTAAC,38,9
TATGTCCTGCATAATA,38,10
TATGTCCTGGAATATC,38,11
TATGTCCTAGTTAATG,38,12
TATGTCCTAGTGATAA,38,13
TATGTCCTCTGAATTG,38,14
TATGTCCTGTTGTAAC,38,15
TATGTCCTTACTCTTA,38,16
TATGTCCTCTATGTAG,38,17
TATGTCCTGGTTAGTA,38,18
TATGTCCTTGGTAATC,38,19
TATGTCCTTAGCACTA,38,20
TATGTCCTGATTACTA,38,21
TATGTCCTCTTGAATC,38,22
TATGTCCTGTTATCTG,38,23
TATGTCCTATAGAATC,38,24
TATGTCCTTAGAAGTC,38,25
TATGTCCTTTATCTAC,38,26
TATGTCCTATGCCTAA,38,27
TATGTCCTATAGAGTA,38,28
TATGTCCTTGATTAAC,38,29
TATGTCCTATATTAGG,38,30
TATGTCCTGATCTATA,38,31
TATGTCCTATAGGTTA,38,32
TATGTCCTATAATCAG,38,33
TATGTCCTATTGTAGC,38,34
TATGTCCTGATGATAA,38,35
TATGTCCTTAAGTTGC,38,36
TATGTCCTTAAGTAAC,38,37
TATGTCCTTGAATGTC,38,38
TATGTCCTATACCTTA,38,39
TATGTCCTAGAATAAC,38,40
TATGTCCTTGTTGCTA,38,41
TATGTCCTTTCCATAG,38,42
TATGTCCTGTATTAAG,38,43
TATGTCCTTGTATTAC,38,44
TATGTCCTATTGCCTA,38,45
TATGTCCTTAATAAGC,38,46
TGAATACCTGTAATTG,39,1
TGAATACCATACTAAG,39,2
TGAATACCAGATTAAG,39,3
TGAATACCTACTTGCA,39,4
TGAATACCTATGATGG,39,5
TGAATACCCTTATATG,39,6
TGAATACCGATGGTTA,39,7
TGAATACCTTAACCAG,39,8
TGAATACCAGCTTAAC,39,9
TGAATACCGCATAATA,39,10
TGAATACCGGAATATC,39,11
TGAATACCAGTTAATG,39,12
TGAATACCAGTGATAA,39,13
TGAATACCCTGAATTG,39,14
TGAATACCGTTGTAAC,39,15
TGAATACCTACTCTTA,39,16
TGAATACCCTATGTAG,39,17
TGAATACCGGTTAGTA,39,18
TGAATACCTGGTAATC,39,19
TGAATACCTAGCACTA,39,20
TGAATACCGATTACTA,39,21
TGAATACCCTTGAATC,39,22
TGAATACCGTTATCTG,39,23
TGAATACCATAGAATC,39,24
TGAATACCTAGAAGTC,39,25
TGAATACCTTATCTAC,39,26
TGAATACCATGCCTAA,39,27
TGAATACCATAGAGTA,39,28
TGAATACCTGATTAAC,39,29
TGAATACCATATTAGG,39,30
TGAATACCGATCTATA,39,31
TGAATACCATAGGTTA,39,32
TGAATACCATAATCAG,39,33
TGAATACCATTGTAGC,39,34
TGAATACCGATGATAA,39,35
TGAATACCTAAGTTGC,39,36
TGAATACCTAAGTAAC,39,37
TGAATACCTGAATGTC,39,38
TGAATACCATACCTTA,39,39
TGAATACCAGAATAAC,39,40
TGAATACCTGTTGCTA,39,41
TGAATACCTTCCATAG,39,42
TGAATACCGTATTAAG,39,43
TGAATACCTGTATTAC,39,44
TGAATACCATTGCCTA,39,45
TGAATACCTAATAAGC,39,46
TGAATACCTTGATAGC,39,47
TGAATACCTAAGGTTC,39,48
TGAATACCCAATGTTG,39,49
TGAATACCTTCTGAAC,39,50
TCAATCTCTGTAATTG,40,1
TCAATCTCATACTAAG,40,2
TCAATCTCAGATTAAG,40,3
TCAATCTCTACTTGCA,40,4
TCAATCTCTATGATGG,40,5
TCAATCTCCTTATATG,40,6
TCAATCTCGATGGTTA,40,7
TCAATCTCTTAACCAG,40,8
TCAATCTCAGCTTAAC,40,9
TCAATCTCGCATAATA,40,10
TCAATCTCGGAATATC,40,11
TCAATCTCAGTTAATG,40,12
TCAATCTCAGTGATAA,40,13
TCAATCTCCTGAATTG,40,14
TCAATCTCGTTGTAAC,40,15
TCAATCTCTACTCTTA,40,16
TCAATCTCCTATGTAG,40,17
TCAATCTCGGTTAGTA,40,18
TCAATCTCTGGTAATC,40,19
TCAATCTCTAGCACTA,40,20
TCAATCTCGATTACTA,40,21
TCAATCTCCTTGAATC,40,22
TCAATCTCGTTATCTG,40,23
TCAATCTCATAGAATC,40,24
TCAATCTCTAGAAGTC,40,25
TCAATCTCTTATCTAC,40,26
TCAATCTCATGCCTAA,40,27
TCAATCTCATAGAGTA,40,28
TCAATCTCTGATTAAC,40,29
TCAATCTCATATTAGG,40,30
TCAATCTCGATCTATA,40,31
TCAATCTCATAGGTTA,40,32
TCAATCTCATAATCAG,40,33
TCAATCTCATTGTAGC,40,34
TCAATCTCGATGATAA,40,35
TCAATCTCTAAGTTGC,40,36
TCAATCTCTAAGTAAC,40,37
TCAATCTCTGAATGTC,40,38
TCAATCTCATACCTTA,40,39
TCAATCTCAGAATAAC,40,40
TCAATCTCTGTTGCTA,40,41
TCAATCTCTTCCATAG,40,42
TCAATCTCGTATTAAG,40,43
TCAATCTCTGTATTAC,40,44
TCAATCTCATTGCCTA,40,45
TCAATCTCTAATAAGC,40,46
TCAATCTCTTGATAGC,40,47
TCAATCTCTAAGGTTC,40,48
TCAATCTCCAATGTTG,40,49
TCAATCTCTTCTGAAC,40,50
GTTATGACTGTAATTG,41,1
GTTATGACATACTAAG,41,2
GTTATGACAGATTAAG,41,3
GTTATGACTACTTGCA,41,4
GTTATGACTATGATGG,41,5
GTTATGACCTTATATG,41,6
GTTATGACGATGGTTA,41,7
GTTATGACTTAACCAG,41,8
GTTATGACAGCTTAAC,41,9
GTTATGACGCATAATA,41,10
GTTATGACGGAATATC,41,11
GTTATGACAGTTAATG,41,12
GTTATGACAGTGATAA,41,13
GTTATGACCTGAATTG,41,14
GTTATGACGTTGTAAC,41,15
GTTATGACTACTCTTA,41,16
GTTATGACCTATGTAG,41,17
GTTATGACGGTTAGTA,41,18
GTTATGACTGGTAATC,41,19
GTTATGACTAGCACTA,41,20
GTTATGACGATTACTA,41,21
GTTATGACCTTGAATC,41,22
GTTATGACGTTATCTG,41,23
GTTATGACATAGAATC,41,24
GTTATGACTAGAAGTC,41,25
GTTATGACTTATCTAC,41,26
GTTATGACATGCCTAA,41,27
GTTATGACATAGAGTA,41,28
GTTATGACTGATTAAC,41,29
GTTATGACATATTAGG,41,30
GTTATGACGATCTATA,41,31
GTTATGACATAGGTTA,41,32
GTTATGACATAATCAG,41,33
GTTATGACATTGTAGC,41,34
GTTATGACGATGATAA,41,35
GTTATGACTAAGTTGC,41,36
GTTATGACTAAGTAAC,41,37
GTTATGACTGAATGTC,41,38
GTTATGACATACCTTA,41,39
GTTATGACAGAATAAC,41,40
GTTATGACTGTTGCTA,41,41
GTTATGACTTCCATAG,41,42
GTTATGACGTATTAAG,41,43
GTTATGACTGTATTAC,41,44
GTTATGACATTGCCTA,41,45
GTTATGACTAATAAGC,41,46
GTTATGACTTGATAGC,41,47
GTTATGACTAAGGTTC,41,48
GTTATGACCAATGTTG,41,49
GTTATGACTTCTGAAC,41,50
TTGCTAAGTGTAATTG,42,1
TTGCTAAGATACTAAG,42,2
TTGCTAAGAGATTAAG,42,3
TTGCTAAGTACTTGCA,42,4
TTGCTAAGTATGATGG,42,5
TTGCTAAGCTTATATG,42,6
TTGCTAAGGATGGTTA,42,7
TTGCTAAGTTAACCAG,42,8
TTGCTAAGAGCTTAAC,42,9
TTGCTAAGGCATAATA,42,10
TTGCTAAGGGAATATC,42,11
TTGCTAAGAGTTAATG,42,12
TTGCTAAGAGTGATAA,42,13
TTGCTAAGCTGAATTG,42,14
TTGCTAAGGTTGTAAC,42,15
TTGCTAAGTACTCTTA,42,16
TTGCTAAGCTATGTAG,42,17
TTGCTAAGGGTTAGTA,42,18
TTGCTAAGTGGTAATC,42,19
TTGCTAAGTAGCACTA,42,20
TTGCTAAGGATTACTA,42,21
TTGCTAAGCTTGAATC,42,22
TTGCTAAGGTTATCTG,42,23
TTGCTAAGATAGAATC,42,24
TTGCTAAGTAGAAGTC,42,25
TTGCTAAGTTATCTAC,42,26
TTGCTAAGATGCCTAA,42,27
TTGCTAAGATAGAGTA,42,28
TTGCTAAGTGATTAAC,42,29
TTGCTAAGATATTAGG,42,30
TTGCTAAGGATCTATA,42,31
TTGCTAAGATAGGTTA,42,32
TTGCTAAGATAATCAG,42,33
TTGCTAAGATTGTAGC,42,34
TTGCTAAGGATGATAA,42,35
TTGCTAAGTAAGTTGC,42,36
TTGCTAAGTAAGTAAC,42,37
TTGCTAAGTGAATGTC,42,38
TTGCTAAGATACCTTA,42,39
TTGCTAAGAGAATAAC,42,40
TTGCTAAGTGTTGCTA,42,41
TTGCTAAGTTCCATAG,42,42
TTGCTAAGGTATTAAG,42,43
TTGCTAAGTGTATTAC,42,44
TTGCTAAGATTGCCTA,42,45
TTGCTAAGTAATAAGC,42,46
TTGCTAAGTTGATAGC,42,47
TTGCTAAGTAAGGTTC,42,48
TTGCTAAGCAATGTTG,42,49
TTGCTAAGTTCTGAAC,42,50
TCACATTGTGTAATTG,43,1
TCACATTGATACTAAG,43,2
TCACATTGAGATTAAG,43,3
TCACATTGTACTTGCA,43,4
TCACATTGTATGATGG,43,5
TCACATTGCTTATATG,43,6
TCACATTGGATGGTTA,43,7
TCACATTGTTAACCAG,43,8
TCACATTGAGCTTAAC,43,9
TCACATTGGCATAATA,43,10
TCACATTGGGAATATC,43,11
TCACATTGAGTTAATG,43,12
TCACATTGAGTGATAA,43,13
TCACATTGCTGAATTG,43,14
TCACATTGGTTGTAAC,43,15
TCACATTGTACTCTTA,43,16
TCACATTGCTATGTAG,43,17
TCACATTGGGTTAGTA,43,18
TCACATTGTGGTAATC,43,19
TCACATTGTAGCACTA,43,20
TCACATTGGATTACTA,43,21
TCACATTGCTTGAATC,43,22
TCACATTGGTTATCTG,43,23
TCACATTGATAGAATC,43,24
TCACATTGTAGAAGTC,43,25
TCACATTGTTATCTAC,43,26
TCACATTGATGCCTAA,43,27
TCACATTGATAGAGTA,43,28
TCACATTGTGATTAAC,43,29
TCACATTGATATTAGG,43,30
TCACATTGGATCTATA,43,31
TCACATTGATAGGTTA,43,32
TCACATTGATAATCAG,43,33
TCACATTGATTGTAGC,43,34
TCACATTGGATGATAA,43,35
TCACATTGTAAGTTGC,43,36
TCACATTGTAAGTAAC,43,37
TCACATTGTGAATGTC,43,38
TCACATTGATACCTTA,43,39
TCACATTGAGAATAAC,43,40
TCACATTGTGTTGCTA,43,41
TCACATTGTTCCATAG,43,42
TCACATTGGTATTAAG,43,43
TCACATTGTGTATTAC,43,44
TCACATTGATTGCCTA,43,45
TCACATTGTAATAAGC,43,46
TCACATTGTTGATAGC,43,47
TCACATTGTAAGGTTC,43,48
TCACATTGCAATGTTG,43,49
TCACATTGTTCTGAAC,43,50
ATATTACCTGTAATTG,44,1
ATATTACCATACTAAG,44,2
ATATTACCAGATTAAG,44,3
ATATTACCTACTTGCA,44,4
ATATTACCTATGATGG,44,5
ATATTACCCTTATATG,44,6
ATATTACCGATGGTTA,44,7
ATATTACCTTAACCAG,44,8
ATATTACCAGCTTAAC,44,9
ATATTACCGCATAATA,44,10
ATATTACCGGAATATC,44,11
ATATTACCAGTTAATG,44,12
ATATTACCAGTGATAA,44,13
ATATTACCCTGAATTG,44,14
ATATTACCGTTGTAAC,44,15
ATATTACCTACTCTTA,44,16
ATATTACCCTATGTAG,44,17
ATATTACCGGTTAGTA,44,18
ATATTACCTGGTAATC,44,19
ATATTACCTAGCACTA,44,20
ATATTACCGATTACTA,44,21
ATATTACCCTTGAATC,44,22
ATATTACCGTTATCTG,44,23
ATATTACCATAGAATC,44,24
ATATTACCTAGAAGTC,44,25
ATATTACCTTATCTAC,44,26
ATATTACCATGCCTAA,44,27
ATATTACCATAGAGTA,44,28
ATATTACCTGATTAAC,44,29
ATATTACCATATTAGG,44,30
ATATTACCGATCTATA,44,31
ATATTACCATAGGTTA,44,32
ATATTACCATAATCAG,44,33
ATATTACCATTGTAGC,44,34
ATATTACCGATGATAA,44,35
ATATTACCTAAGTTGC,44,36
ATATTACCTAAGTAAC,44,37
ATATTACCTGAATGTC,44,38
ATATTACCATACCTTA,44,39
ATATTACCAGAATAAC,44,40
ATATTACCTGTTGCTA,44,41
ATATTACCTTCCATAG,44,42
ATATTACCGTATTAAG,44,43
ATATTACCTGTATTAC,44,44
ATATTACCATTGCCTA,44,45
ATATTACCTAATAAGC,44,46
ATATTACCTTGATAGC,44,47
ATATTACCTAAGGTTC,44,48
ATATTACCCAATGTTG,44,49
ATATTACCTTCTGAAC,44,50
CTTGTCATTGTAATTG,45,1
CTTGTCATATACTAAG,45,2
CTTGTCATAGATTAAG,45,3
CTTGTCATTACTTGCA,45,4
CTTGTCATTATGATGG,45,5
CTTGTCATCTTATATG,45,6
CTTGTCATGATGGTTA,45,7
CTTGTCATTTAACCAG,45,8
CTTGTCATAGCTTAAC,45,9
CTTGTCATGCATAATA,45,10
CTTGTCATGGAATATC,45,11
CTTGTCATAGTTAATG,45,12
CTTGTCATAGTGATAA,45,13
CTTGTCATCTGAATTG,45,14
CTTGTCATGTTGTAAC,45,15
CTTGTCATTACTCTTA,45,16
CTTGTCATCTATGTAG,45,17
CTTGTCATGGTTAGTA,45,18
CTTGTCATTGGTAATC,45,19
CTTGTCATTAGCACTA,45,20
CTTGTCATGATTACTA,45,21
CTTGTCATCTTGAATC,45,22
CTTGTCATGTTATCTG,45,23
CTTGTCATATAGAATC,45,24
CTTGTCATTAGAAGTC,45,25
CTTGTCATTTATCTAC,45,26
CTTGTCATATGCCTAA,45,27
CTTGTCATATAGAGTA,45,28
CTTGTCATTGATTAAC,45,29
CTTGTCATATATTAGG,45,30
CTTGTCATGATCTATA,45,31
CTTGTCATATAGGTTA,45,32
CTTGTCATATAATCAG,45,33
CTTGTCATATTGTAGC,45,34
CTTGTCATGATGATAA,45,35
CTTGTCATTAAGTTGC,45,36
CTTGTCATTAAGTAAC,45,37
CTTGTCATTGAATGTC,45,38
CTTGTCATATACCTTA,45,39
CTTGTCATAGAATAAC,45,40
CTTGTCATTGTTGCTA,45,41
CTTGTCATTTCCATAG,45,42
CTTGTCATGTATTAAG,45,43
CTTGTCATTGTATTAC,45,44
CTTGTCATATTGCCTA,45,45
CTTGTCATTAATAAGC,45,46
CTTGTCATTTGATAGC,45,47
CTTGTCATTAAGGTTC,45,48
CTTGTCATCAATGTTG,45,49
CTTGTCATTTCTGAAC,45,50
TATAAGGATGTAATTG,46,1
TATAAGGAATACTAAG,46,2
TATAAGGAAGATTAAG,46,3
TATAAGGATACTTGCA,46,4
TATAAGGATATGATGG,46,5
TATAAGGACTTATATG,46,6
TATAAGGAGATGGTTA,46,7
TATAAGGATTAACCAG,46,8
TATAAGGAAGCTTAAC,46,9
TATAAGGAGCATAATA,46,10
TATAAGGAGGAATATC,46,11
TATAAGGAAGTTAATG,46,12
TATAAGGAAGTGATAA,46,13
TATAAGGACTGAATTG,46,14
TATAAGGAGTTGTAAC,46,15
TATAAGGATACTCTTA,46,16
TATAAGGACTATGTAG,46,17
TATAAGGAGGTTAGTA,46,18
TATAAGGATGGTAATC,46,19
TATAAGGATAGCACTA,46,20
TATAAGGAGATTACTA,46,21
TATAAGGACTTGAATC,46,22
TATAAGGAGTTATCTG,46,23
TATAAGGAATAGAATC,46,24
TATAAGGATAGAAGTC,46,25
TATAAGGATTATCTAC,46,26
TATAAGGAATGCCTAA,46,27
TATAAGGAATAGAGTA,46,28
TATAAGGATGATTAAC,46,29
TATAAGGAATATTAGG,46,30
TATAAGGAGATCTATA,46,31
TATAAGGAATAGGTTA,46,32
TATAAGGAATAATCAG,46,33
TATAAGGAATTGTAGC,46,34
TATAAGGAGATGATAA,46,35
TATAAGGATAAGTTGC,46,36
TATAAGGATAAGTAAC,46,37
TATAAGGATGAATGTC,46,38
TATAAGGAATACCTTA,46,39
TATAAGGAAGAATAAC,46,40
TATAAGGATGTTGCTA,46,41
TATAAGGATTCCATAG,46,42
TATAAGGAGTATTAAG,46,43
TATAAGGATGTATTAC,46,44
TATAAGGAATTGCCTA,46,45
TATAAGGATAATAAGC,46,46
TATAAGGATTGATAGC,46,47
TATAAGGATAAGGTTC,46,48
TATAAGGACAATGTTG,46,49
TATAAGGATTCTGAAC,46,50
GTTGTGAATGTAATTG,47,1
GTTGTGAAATACTAAG,47,2
GTTGTGAAAGATTAAG,47,3
GTTGTGAATACTTGCA,47,4
GTTGTGAATATGATGG,47,5
GTTGTGAACTTATATG,47,6
GTTGTGAAGATGGTTA,47,7
GTTGTGAATTAACCAG,47,8
GTTGTGAAAGCTTAAC,47,9
GTTGTGAAGCATAATA,47,10
GTTGTGAAGGAATATC,47,11
GTTGTGAAAGTTAATG,47,12
GTTGTGAAAGTGATAA,47,13
GTTGTGAACTGAATTG,47,14
GTTGTGAAGTTGTAAC,47,15
GTTGTGAATACTCTTA,47,16
GTTGTGAACTATGTAG,47,17
GTTGTGAAGGTTAGTA,47,18
GTTGTGAATGGTAATC,47,19
GTTGTGAATAGCACTA,47,20
GTTGTGAAGATTACTA,47,21
GTTGTGAACTTGAATC,47,22
GTTGTGAAGTTATCTG,47,23
GTTGTGAAATAGAATC,47,24
GTTGTGAATAGAAGTC,47,25
GTTGTGAATTATCTAC,47,26
GTTGTGAAATGCCTAA,47,27
GTTGTGAAATAGAGTA,47,28
GTTGTGAATGATTAAC,47,29
GTTGTGAAATATTAGG,47,30
GTTGTGAAGATCTATA,47,31
GTTGTGAAATAGGTTA,47,32
GTTGTGAAATAATCAG,47,33
GTTGTGAAATTGTAGC,47,34
GTTGTGAAGATGATAA,47,35
GTTGTGAATAAGTTGC,47,36
GTTGTGAATAAGTAAC,47,37
GTTGTGAATGAATGTC,47,38
GTTGTGAAATACCTTA,47,39
GTTGTGAAAGAATAAC,47,40
GTTGTGAATGTTGCTA,47,41
GTTGTGAATTCCATAG,47,42
GTTGTGAAGTATTAAG,47,43
GTTGTGAATGTATTAC,47,44
GTTGTGAAATTGCCTA,47,45
GTTGTGAATAATAAGC,47,46
GTTGTGAATTGATAGC,47,47
GTTGTGAATAAGGTTC,47,48
GTTGTGAACAATGTTG,47,49
GTTGTGAATTCTGAAC,47,50
AACAGATATGTAATTG,48,1
AACAGATAATACTAAG,48,2
AACAGATAAGATTAAG,48,3
AACAGATATACTTGCA,48,4
AACAGATATATGATGG,48,5
AACAGATACTTATATG,48,6
AACAGATAGATGGTTA,48,7
AACAGATATTAACCAG,48,8
AACAGATAAGCTTAAC,48,9
AACAGATAGCATAATA,48,10
AACAGATAGGAATATC,48,11
AACAGATAAGTTAATG,48,12
AACAGATAAGTGATAA,48,13
AACAGATACTGAATTG,48,14
AACAGATAGTTGTAAC,48,15
AACAGATATACTCTTA,48,16
AACAGATACTATGTAG,48,17
AACAGATAGGTTAGTA,48,18
AACAGATATGGTAATC,48,19
AACAGATATAGCACTA,48,20
AACAGATAGATTACTA,48,21
AACAGATACTTGAATC,48,22
AACAGATAGTTATCTG,48,23
AACAGATAATAGAATC,48,24
AACAGATATAGAAGTC,48,25
AACAGATATTATCTAC,48,26
AACAGATAATGCCTAA,48,27
AACAGATAATAGAGTA,48,28
AACAGATATGATTAAC,48,29
AACAGATAATATTAGG,48,30
AACAGATAGATCTATA,48,31
AACAGATAATAGGTTA,48,32
AACAGATAATAATCAG,48,33
AACAGATAATTGTAGC,48,34
AACAGATAGATGATAA,48,35
AACAGATATAAGTTGC,48,36
AACAGATATAAGTAAC,48,37
AACAGATATGAATGTC,48,38
AACAGATAATACCTTA,48,39
AACAGATAAGAATAAC,48,40
AACAGATATGTTGCTA,48,41
AACAGATATTCCATAG,48,42
AACAGATAGTATTAAG,48,43
AACAGATATGTATTAC,48,44
AACAGATAATTGCCTA,48,45
AACAGATATAATAAGC,48,46
AACAGATATTGATAGC,48,47
AACAGATATAAGGTTC,48,48
AACAGATACAATGTTG,48,49
AACAGATATTCTGAAC,48,50
AAGATTCGTGTAATTG,49,1
AAGATTCGATACTAAG,49,2
AAGATTCGAGATTAAG,49,3
AAGATTCGTACTTGCA,49,4
AAGATTCGTATGATGG,49,5
AAGATTCGCTTATATG,49,6
AAGATTCGGATGGTTA,49,7
AAGATTCGTTAACCAG,49,8
AAGATTCGAGCTTAAC,49,9
AAGATTCGGCATAATA,49,10
AAGATTCGGGAATATC,49,11
AAGATTCGAGTTAATG,49,12
AAGATTCGAGTGATAA,49,13
AAGATTCGCTGAATTG,49,14
AAGATTCGGTTGTAAC,49,15
AAGATTCGTACTCTTA,49,16
AAGATTCGCTATGTAG,49,17
AAGATTCGGGTTAGTA,49,18
AAGATTCGTGGTAATC,49,19
AAGATTCGTAGCACTA,49,20
AAGATTCGGATTACTA,49,21
AAGATTCGCTTGAATC,49,22
AAGATTCGGTTATCTG,49,23
AAGATTCGATAGAATC,49,24
AAGATTCGTAGAAGTC,49,25
AAGATTCGTTATCTAC,49,26
AAGATTCGATGCCTAA,49,27
AAGATTCGATAGAGTA,49,28
AAGATTCGTGATTAAC,49,29
AAGATTCGATATTAGG,49,30
AAGATTCGGATCTATA,49,31
AAGATTCGATAGGTTA,49,32
AAGATTCGATAATCAG,49,33
AAGATTCGATTGTAGC,49,34
AAGATTCGGATGATAA,49,35
AAGATTCGTAAGTTGC,49,36
AAGATTCGTAAGTAAC,49,37
AAGATTCGTGAATGTC,49,38
AAGATTCGATACCTTA,49,39
AAGATTCGAGAATAAC,49,40
AAGATTCGTGTTGCTA,49,41
AAGATTCGTTCCATAG,49,42
AAGATTCGGTATTAAG,49,43
AAGATTCGTGTATTAC,49,44
AAGATTCGATTGCCTA,49,45
AAGATTCGTAATAAGC,49,46
AAGATTCGTTGATAGC,49,47
AAGATTCGTAAGGTTC,49,48
AAGATTCGCAATGTTG,49,49
AAGATTCGTTCTGAAC,49,50
CTTCCTATTGTAATTG,50,1
CTTCCTATATACTAAG,50,2
CTTCCTATAGATTAAG,50,3
CTTCCTATTACTTGCA,50,4
CTTCCTATTATGATGG,50,5
CTTCCTATCTTATATG,50,6
CTTCCTATGATGGTTA,50,7
CTTCCTATTTAACCAG,50,8
CTTCCTATAGCTTAAC,50,9
CTTCCTATGCATAATA,50,10
CTTCCTATGGAATATC,50,11
CTTCCTATAGTTAATG,50,12
CTTCCTATAGTGATAA,50,13
CTTCCTATCTGAATTG,50,14
CTTCCTATGTTGTAAC,50,15
CTTCCTATTACTCTTA,50,16
CTTCCTATCTATGTAG,50,17
CTTCCTATGGTTAGTA,50,18
CTTCCTATTGGTAATC,50,19
CTTCCTATTAGCACTA,50,20
CTTCCTATGATTACTA,50,21
CTTCCTATCTTGAATC,50,22
CTTCCTATGTTATCTG,50,23
CTTCCTATATAGAATC,50,24
CTTCCTATTAGAAGTC,50,25
CTTCCTATTTATCTAC,50,26
CTTCCTATATGCCTAA,50,27
CTTCCTATATAGAGTA,50,28
CTTCCTATTGATTAAC,50,29
CTTCCTATATATTAGG,50,30
CTTCCTATGATCTATA,50,31
CTTCCTATATAGGTTA,50,32
CTTCCTATATAATCAG,50,33
CTTCCTATATTGTAGC,50,34
CTTCCTATGATGATAA,50,35
CTTCCTATTAAGTTGC,50,36
CTTCCTATTAAGTAAC,50,37
CTTCCTATTGAATGTC,50,38
CTTCCTATATACCTTA,50,39
CTTCCTATAGAATAAC,50,40
CTTCCTATTGTTGCTA,50,41
CTTCCTATTTCCATAG,50,42
CTTCCTATGTATTAAG,50,43
CTTCCTATTGTATTAC,50,44
CTTCCTATATTGCCTA,50,45
CTTCCTATTAATAAGC,50,46
CTTCCTATTTGATAGC,50,47
CTTCCTATTAAGGTTC,50,48
CTTCCTATCAATGTTG,50,49
CTTCCTATTTCTGAAC,50,50
